source,original_date,comment_date,text,comment,subreddit,post_title,rating,sentiment_label,category_1,category_2,dimension_1,dimension_2,classification_confidence,Financial quarter,subcategory
google_play_kaggle,2023-09-29,,"It's okay, but what irritates me is being able to chose only 5 hobby, it should be much more","It's okay, but what irritates me is being able to chose only 5 hobby, it should be much more",,,4,positive,UX issues,,Dim 6 - Product & UX,,high,2023 Q2,Missing or removed features
google_play_kaggle,2023-10-24,,this app stop work. sometimes open after long time wating ## thanks for reply but if app open then connect with support team,this app stop work. sometimes open after long time wating ## thanks for reply but if app open then connect with support team,,,1,negative,Account issues,Poor support,Dim 3 - Trust & Safety,Dim 3 - Trust & Safety,medium,2023 Q3,Account access / loading failure
google_play_kaggle,2023-11-10,,"I cant upload my photos for this app while logging in, How can I solve this problem, Please help to resolve this problem as soon as possible...","I cant upload my photos for this app while logging in, How can I solve this problem, Please help to resolve this problem as soon as possible...",,,1,negative,Account issues,,Dim 3 - Trust & Safety,,high,2023 Q3,Login & verification failure
google_play_kaggle,2024-10-04,,Don't have the feature to show people nearby only. Some radius or something like that would be useful.,Don't have the feature to show people nearby only. Some radius or something like that would be useful.,,,1,negative,UX issues,,Dim 6 - Product & UX,,high,2024 Q3,Filter & discovery issues
google_play_kaggle,2025-01-10,,"Very frustrating inferior technology. You reach a limit to they can't validate your picture even though it's you! Obviously! Then there's no way to remedy it, You can't use the app because they haven't validated you, so your stuck. Their logic in their app makes no sense","Very frustrating inferior technology. You reach a limit to they can't validate your picture even though it's you! Obviously! Then there's no way to remedy it, You can't use the app because they haven't validated you, so your stuck. Their logic in their app makes no sense",,,1,negative,Account issues,Frustration,Dim 3 - Trust & Safety,Dim 2 - Emotional Experience,high,2024 Q4,Age verification problems
google_play_kaggle,2024-09-09,,"Why I cannot open account in this app?I have not received a single call,not a single code for verification","Why I cannot open account in this app?I have not received a single call,not a single code for verification",,,1,negative,Account issues,,Dim 3 - Trust & Safety,,high,2024 Q2,Login & verification failure
google_play_kaggle,2024-06-18,,Suddenly my account is not appearing and it's not opening I did try to login again but it still show the same loading sign,Suddenly my account is not appearing and it's not opening I did try to login again but it still show the same loading sign,,,1,negative,Account issues,,Dim 3 - Trust & Safety,,high,2024 Q1,Account access / loading failure
google_play_kaggle,2024-03-26,,Notifications don't work. App seems fundamentally broken when interacting with the UI.,Notifications don't work. App seems fundamentally broken when interacting with the UI.,,,1,negative,UX issues,,Dim 6 - Product & UX,,high,2023 Q4,Interface & navigation
google_play_kaggle,2025-05-07,,when everything is working its a good app,when everything is working its a good app,,,4,positive,UX positive,,Dim 6 - Product & UX,,high,2025 Q1,Easy to use / intuitive
google_play_kaggle,2024-03-11,,One day all of my matches were gone. I'm not going to say it was bumble but things were going good with one guy and now I'm getting a lot of prompts for subscriptions,One day all of my matches were gone. I'm not going to say it was bumble but things were going good with one guy and now I'm getting a lot of prompts for subscriptions,,,1,negative,Account issues,Forced subscription,Dim 3 - Trust & Safety,Dim 4 - Monetisation,high,2023 Q4,Account access / loading failure
google_play_kaggle,2023-09-28,,"Not able to share profiles with friends. When I do, it takes them to the app store, not the profile and they already have the app installed. A real bummer when I see someone who would be a great match for a friend.","Not able to share profiles with friends. When I do, it takes them to the app store, not the profile and they already have the app installed. A real bummer when I see someone who would be a great match for a friend.",,,3,neutral,UX issues,,Dim 6 - Product & UX,,high,2023 Q2,Missing or removed features
google_play_kaggle,2024-01-04,,don't know how to use messaging feature,don't know how to use messaging feature,,,4,positive,UX issues,,Dim 6 - Product & UX,,high,2023 Q4,Interface & navigation
google_play_kaggle,2023-10-20,,I can't verify my account. It seems that Taking a Selfie is not working. Can you please help me verify my account?,I can't verify my account. It seems that Taking a Selfie is not working. Can you please help me verify my account?,,,1,negative,Account issues,,Dim 3 - Trust & Safety,,high,2023 Q3,Login & verification failure
google_play_kaggle,2023-08-20,,too strict with photos. cant sign up due to strict photo moderating.,too strict with photos. cant sign up due to strict photo moderating.,,,1,negative,Account issues,,Dim 3 - Trust & Safety,,high,2023 Q2,Login & verification failure
google_play_kaggle,2024-06-19,,"Screen is sliding down since the last update, can't really keep up with new messages.","Screen is sliding down since the last update, can't really keep up with new messages.",,,1,negative,UX issues,,Dim 6 - Product & UX,,high,2024 Q1,Performance & loading
google_play_kaggle,2025-07-12,,hot or not game. not into it,hot or not game. not into it,,,1,negative,UX issues,,Dim 6 - Product & UX,,medium,2025 Q2,Missing or removed features
google_play_kaggle,2023-11-01,,More pictures of women twenty four hours,More pictures of women twenty four hours,,,3,neutral,UX positive,,Dim 6 - Product & UX,,medium,2023 Q3,Feature requests
google_play_kaggle,2025-02-10,,I just recharged for one week but why is it not reflecting in my profile? I still can't swipe right even after paying for one week ?,I just recharged for one week but why is it not reflecting in my profile? I still can't swipe right even after paying for one week ?,,,2,neutral,Account issues,Forced subscription,Dim 3 - Trust & Safety,Dim 4 - Monetisation,high,2024 Q4,Account access / loading failure
google_play_kaggle,2025-04-17,,Not much functionality I cant choose internationally but good overall.,Not much functionality I cant choose internationally but good overall.,,,3,neutral,UX issues,Positive emotional experience,Dim 6 - Product & UX,Dim 2 - Emotional Experience,medium,2025 Q1,Filter & discovery issues
google_play_kaggle,2024-03-10,,Inaccurate,Inaccurate,,,1,negative,UX issues,,Dim 6 - Product & UX,,low,2023 Q4,Filter & discovery issues
google_play_kaggle,2023-12-19,,"The app is good but it's hurt in the eyes, we need the dark mood,","The app is good but it's hurt in the eyes, we need the dark mood,",,,2,neutral,UX issues,,Dim 6 - Product & UX,,high,2023 Q3,Interface & navigation
google_play_kaggle,2025-07-30,,my application it's not opening when I'm using my internet data 😒 it only opens on wifi why,my application it's not opening when I'm using my internet data 😒 it only opens on wifi why,,,5,positive,UX issues,,Dim 6 - Product & UX,,high,2025 Q2,Performance & loading
google_play_scraped,2026-05-10,,It won't allow me to login anymore. I found out I was falsely reported on and they deactivated my account without notice or explaining the reason. Be careful with the fake bots on the app.,It won't allow me to login anymore. I found out I was falsely reported on and they deactivated my account without notice or explaining the reason. Be careful with the fake bots on the app.,,,1,negative,Account issues,Fake profiles & bots,Dim 3 - Trust & Safety,Dim 3 - Trust & Safety,high,2026 Q1,Unjustified ban / suspension
google_play_kaggle,2025-03-22,,Blocked my account for some inappropriate behaviour i signed up 2 days ago and they encouraged me to buy premium as soon as I bought premium next day they blocked me from platform. They would not even specify what's gone wrong. I haven't even chatted to somene or uploaded any inappropriate photos. Please do not waste your money guys. They are crooks.,Blocked my account for some inappropriate behaviour i signed up 2 days ago and they encouraged me to buy premium as soon as I bought premium next day they blocked me from platform. They would not even specify what's gone wrong. I haven't even chatted to somene or uploaded any inappropriate photos. Please do not waste your money guys. They are crooks.,,,1,negative,Account issues,Poor support,Dim 3 - Trust & Safety,Dim 3 - Trust & Safety,high,2024 Q4,Banned after paying
google_play_kaggle,2024-07-14,,"Can't get past the phone verification stage. Messages with the code never arrive, and typing out the number from the call I recieved doesn't do anything.","Can't get past the phone verification stage. Messages with the code never arrive, and typing out the number from the call I recieved doesn't do anything.",,,1,negative,Account issues,,Dim 3 - Trust & Safety,,high,2024 Q2,Login & verification failure
reddit,2026-01-29,2026-01-29,"Update :




Did end up going 




Like an hour before we were supposed to meet I got a message from him checking that we were still on 




Still could not respond in the app




Went to bumble web page and it allowed me to sign in and respond through that 🤷‍♀️ 








And yes I usually give out a burner number (App is called burner ) so I have one other way to contact. But this guy locked in the date and then minimal communication after… different experience with this guy in general for me.




He was nice, perfectly easy drinks and an appetizer date. We’ll see if there’s a second date 




Thank you guys","Update :




Did end up going 




Like an hour before we were supposed to meet I got a message from him checking that we were still on 




Still could not respond in the app




Went to bumble web page and it allowed me to sign in and respond through that 🤷‍♀️ 








And yes I usually give out a burner number (App is called burner ) so I have one other way to contact. But this guy locked in the date and then minimal communication after… different experience with this guy in general for me.




He was nice, perfectly easy drinks and an appetizer date. We’ll see if there’s a second date 




Thank you guys",bumble,Did he get booted from bumble? Or did he Block me ?,,neutral,Account issues,Low effort interactions,Dim 3 - Trust & Safety,Dim 1 - Match Quality,medium,2025 Q4,Account access / loading failure
google_play_kaggle,2024-12-18,,Paid for the app for a month.. changed phones and logged back in using the same Facebook method. Now my subscription is cancelled and asking me to pay even though I'm still paid up for a month when I check??,Paid for the app for a month.. changed phones and logged back in using the same Facebook method. Now my subscription is cancelled and asking me to pay even though I'm still paid up for a month when I check??,,,1,negative,Account issues,Frustration,Dim 3 - Trust & Safety,Dim 2 - Emotional Experience,high,2024 Q3,Banned after paying
google_play_kaggle,2025-09-20,,"the new update is awful,putting profiles who liked you one under the other,it's just impractical. update: it was fixed for a little while and then back to the old setting!! imagine having to scroll more than 1000 likes one profile under the other !! its so frustrating!! yoy need to find a better way to scroll the profile who likes you conversations and matches.","the new update is awful,putting profiles who liked you one under the other,it's just impractical. update: it was fixed for a little while and then back to the old setting!! imagine having to scroll more than 1000 likes one profile under the other !! its so frustrating!! yoy need to find a better way to scroll the profile who likes you conversations and matches.",,,1,negative,UX issues,Frustration,Dim 6 - Product & UX,Dim 2 - Emotional Experience,high,2025 Q2,Interface & navigation
google_play_kaggle,2024-08-27,,It doesn't have a distance filter. That introduces extra steps to use it.,It doesn't have a distance filter. That introduces extra steps to use it.,,,3,neutral,UX issues,,Dim 6 - Product & UX,,high,2024 Q2,Filter & discovery issues
google_play_kaggle,2023-11-15,,Tried logging in after a year or two can't login says I have to download the face book app and log in to sign in but I already have it downloaded and signed in so I'm just not allowed into my account anymore making this app literally unusable,Tried logging in after a year or two can't login says I have to download the face book app and log in to sign in but I already have it downloaded and signed in so I'm just not allowed into my account anymore making this app literally unusable,,,1,negative,Account issues,Frustration,Dim 3 - Trust & Safety,Dim 2 - Emotional Experience,high,2023 Q3,Login & verification failure
google_play_kaggle,2024-11-15,,not being able see people who have liked your account is daft,not being able see people who have liked your account is daft,,,3,neutral,UX issues,,Dim 6 - Product & UX,,high,2024 Q3,Missing or removed features
google_play_kaggle,2024-11-02,,"Log in verification loop. They said they will call me, or send me a code. It wont send anything, and never even call. Just stuck in ""ring ring..."" And sometimes it says they called but they didnt. Cant even sign up lmao","Log in verification loop. They said they will call me, or send me a code. It wont send anything, and never even call. Just stuck in ""ring ring..."" And sometimes it says they called but they didnt. Cant even sign up lmao",,,1,negative,Account issues,Frustration,Dim 3 - Trust & Safety,Dim 2 - Emotional Experience,high,2024 Q3,Login & verification failure
google_play_kaggle,2024-08-05,,"So now I'm told that bumble has blocked me for my behavior on the app when I have literally never used it as it has never allowed me to. Very confusing, will never be redownloading this and will be telling friends to stay away.","So now I'm told that bumble has blocked me for my behavior on the app when I have literally never used it as it has never allowed me to. Very confusing, will never be redownloading this and will be telling friends to stay away.",,,1,negative,Account issues,Frustration,Dim 3 - Trust & Safety,Dim 2 - Emotional Experience,high,2024 Q2,Unjustified ban / suspension
google_play_kaggle,2024-02-26,,My experience with this dating app has been the worst !! no matter what you do when you try to verify your account it does not work now I can't even get into my account to delete it customer support is nonexistent. And what makes it even worse they Blair perspective matches and when you pay for it you find out that the matches aren't even in your area as far as I'm concerned I consider it a bait and switch,My experience with this dating app has been the worst !! no matter what you do when you try to verify your account it does not work now I can't even get into my account to delete it customer support is nonexistent. And what makes it even worse they Blair perspective matches and when you pay for it you find out that the matches aren't even in your area as far as I'm concerned I consider it a bait and switch,,,1,negative,Account issues,Poor support,Dim 3 - Trust & Safety,Dim 3 - Trust & Safety,high,2023 Q4,Login & verification failure
google_play_kaggle,2023-10-24,,"I purchased app. It said verify your photos. I went to verify, and app has frozen on that page. It won't let me do anything else. I've reached out to customer support over 10 times. They send a generic email get back to you shortly. But nothing ever happens. I'm now rating the app. Hoping someone will resolve this issue. It's been frozen 2 days now. Please help.","I purchased app. It said verify your photos. I went to verify, and app has frozen on that page. It won't let me do anything else. I've reached out to customer support over 10 times. They send a generic email get back to you shortly. But nothing ever happens. I'm now rating the app. Hoping someone will resolve this issue. It's been frozen 2 days now. Please help.",,,1,negative,Account issues,Poor support,Dim 3 - Trust & Safety,Dim 3 - Trust & Safety,high,2023 Q3,Uncategorised
google_play_kaggle,2024-01-09,,They won't allow you to add art as a pfp,They won't allow you to add art as a pfp,,,1,negative,UX issues,,Dim 6 - Product & UX,,high,2023 Q4,Missing or removed features
google_play_kaggle,2024-05-11,,Verifying picture is extremely difficult.. I tried Verifying multiple times. It doesn't get verified. Not at all user friendly,Verifying picture is extremely difficult.. I tried Verifying multiple times. It doesn't get verified. Not at all user friendly,,,1,negative,Account issues,UX issues,Dim 3 - Trust & Safety,Dim 6 - Product & UX,high,2024 Q1,Age verification problems
google_play_kaggle,2024-04-22,,"Last night I wanted to add a new picture in my profile. A technical problem would allow me to add anything. Suddenly all my pictures were taking down because ""they were not respecting the guidelines"". They were. Those are the same pictures that have been in my account for days now. Since then I cannot open the account without having my profile blocked because I have no picture on it... None of the pictures I take through the app or from my gallery are ""respecting the guideline""....","Last night I wanted to add a new picture in my profile. A technical problem would allow me to add anything. Suddenly all my pictures were taking down because ""they were not respecting the guidelines"". They were. Those are the same pictures that have been in my account for days now. Since then I cannot open the account without having my profile blocked because I have no picture on it... None of the pictures I take through the app or from my gallery are ""respecting the guideline""....",,,2,neutral,Account issues,Frustration,Dim 3 - Trust & Safety,Dim 2 - Emotional Experience,high,2024 Q1,Account access / loading failure
google_play_kaggle,2023-08-23,,Verification nahi ho raha hai,Verification nahi ho raha hai,,,1,negative,Account issues,,Dim 3 - Trust & Safety,,high,2023 Q2,Login & verification failure
google_play_kaggle,2024-05-22,,To take one day or a week subscription why do you ask me to enter my email password 😂,To take one day or a week subscription why do you ask me to enter my email password 😂,,,1,negative,Account issues,Frustration,Dim 3 - Trust & Safety,Dim 2 - Emotional Experience,high,2024 Q1,Login & verification failure
google_play_kaggle,2023-08-20,,"Can't login, terrible app now. Was good not anymore!!! Contacted support they haven't got back to me. Still can't login, no reasoning. Nothing from support. Would change once glitches and I'm able to log back in.","Can't login, terrible app now. Was good not anymore!!! Contacted support they haven't got back to me. Still can't login, no reasoning. Nothing from support. Would change once glitches and I'm able to log back in.",,,1,negative,Account issues,Poor support,Dim 3 - Trust & Safety,Dim 3 - Trust & Safety,high,2023 Q2,Login & verification failure
google_play_kaggle,2024-05-08,,I tried to verify my bumble account..after uploading my residence card. It says take selfie. Yet I couldn't take a selfie keeps saying straighten up,I tried to verify my bumble account..after uploading my residence card. It says take selfie. Yet I couldn't take a selfie keeps saying straighten up,,,1,negative,Account issues,,Dim 3 - Trust & Safety,,high,2024 Q1,Login & verification failure
google_play_kaggle,2025-09-28,,Nice Good Quality App,Nice Good Quality App,,,5,positive,UX positive,,Dim 6 - Product & UX,,medium,2025 Q2,Easy to use / intuitive
google_play_kaggle,2023-11-20,,"So many random superswipes by mistake, unbelievable, please change location of icon , happens whole swiping up!","So many random superswipes by mistake, unbelievable, please change location of icon , happens whole swiping up!",,,2,neutral,UX issues,,Dim 6 - Product & UX,,high,2023 Q3,Swipe & like limitations
reddit,2025-07-30,2025-07-30,"Just the standard profiles section where you can msg someone, or X to move them on (and then they generally come round again, except in this case).","Just the standard profiles section where you can msg someone, or X to move them on (and then they generally come round again, except in this case).",hingeapp,Wednesday's Daily Thread: Mid-week Excitement,,neutral,UX issues,Algorithm issues,Dim 6 - Product & UX,Dim 6 - Product & UX,medium,2025 Q2,Interface & navigation
google_play_scraped,2026-05-13,,they need to let people delete all their photos before deleting their profile.,they need to let people delete all their photos before deleting their profile.,,,3,neutral,UX issues,,Dim 6 - Product & UX,,high,2026 Q1,Missing or removed features
google_play_kaggle,2023-10-03,,This App is not working if you are in the United Arab Emirates :),This App is not working if you are in the United Arab Emirates :),,,1,negative,Account issues,,Dim 3 - Trust & Safety,,high,2023 Q3,Account access / loading failure
google_play_kaggle,2025-03-09,,"This app is stuck while uninstalling, It was not opening so I thought of uninstalling and then installing again. But to my surprise, I'm not able to uninstall the app and play store is stuck while uninstalling.","This app is stuck while uninstalling, It was not opening so I thought of uninstalling and then installing again. But to my surprise, I'm not able to uninstall the app and play store is stuck while uninstalling.",,,1,negative,Account issues,,Dim 3 - Trust & Safety,,high,2024 Q4,Account access / loading failure
google_play_kaggle,2023-11-06,,Worst app ever. Simply blocks account based on some random report. Please don't waste your time on this app it's waste of time. Useless,Worst app ever. Simply blocks account based on some random report. Please don't waste your time on this app it's waste of time. Useless,,,1,negative,Account issues,Frustration,Dim 3 - Trust & Safety,Dim 2 - Emotional Experience,high,2023 Q3,Unjustified ban / suspension
google_play_kaggle,2025-02-01,,Cant even make an account? It won't verify my number or email. Or google? . This app is mostly for misogynistic toxic women anyway.,Cant even make an account? It won't verify my number or email. Or google? . This app is mostly for misogynistic toxic women anyway.,,,1,negative,Account issues,Frustration,Dim 3 - Trust & Safety,Dim 2 - Emotional Experience,high,2024 Q4,Login & verification failure
google_play_kaggle,2024-11-03,,should add Google login cause I only use google,should add Google login cause I only use google,,,1,negative,UX issues,,Dim 6 - Product & UX,,medium,2024 Q3,Missing or removed features
google_play_kaggle,2024-11-29,,"I don't know if it's just me but I haven't even accessed the app. When I sign in with my phone number and they say they'll send a code, I don't receive any code. When I try to use Facebook, it just redirects me to Facebook. You gotta fix that. I also don't get a call when I choose that as a method of verification. Was able to access it . I find it good enough.","I don't know if it's just me but I haven't even accessed the app. When I sign in with my phone number and they say they'll send a code, I don't receive any code. When I try to use Facebook, it just redirects me to Facebook. You gotta fix that. I also don't get a call when I choose that as a method of verification. Was able to access it . I find it good enough.",,,4,positive,Account issues,UX issues,Dim 3 - Trust & Safety,Dim 6 - Product & UX,high,2024 Q3,Login & verification failure
google_play_kaggle,2024-04-14,,"I've tried downloading and making an account on bumble a few times, and I've tried using my number and Facebook to do it but it still says I'm not 18 when it says on my Facebook that I am 18","I've tried downloading and making an account on bumble a few times, and I've tried using my number and Facebook to do it but it still says I'm not 18 when it says on my Facebook that I am 18",,,1,negative,Account issues,,Dim 3 - Trust & Safety,,high,2024 Q1,Age verification problems
google_play_kaggle,2024-03-28,,I can't join up using Facebook.,I can't join up using Facebook.,,,3,neutral,Account issues,,Dim 3 - Trust & Safety,,high,2023 Q4,Login & verification failure
google_play_kaggle,2024-03-19,,It's good but definitely could be better,It's good but definitely could be better,,,3,neutral,UX positive,,Dim 6 - Product & UX,,medium,2023 Q4,Feature requests
google_play_kaggle,2023-09-27,,I've had nothing but trouble with this app from not loading to freezing & locking me out despite following all of the advice given by the support team....I've sent at least 20 messages and get the same automated response....absolutely useless!,I've had nothing but trouble with this app from not loading to freezing & locking me out despite following all of the advice given by the support team....I've sent at least 20 messages and get the same automated response....absolutely useless!,,,1,negative,Account issues,Poor support,Dim 3 - Trust & Safety,Dim 3 - Trust & Safety,high,2023 Q2,Poor support
google_play_kaggle,2023-10-31,,Finally got a match and my message just disappeared this is bullcrap,Finally got a match and my message just disappeared this is bullcrap,,,2,neutral,Account issues,Frustration,Dim 3 - Trust & Safety,Dim 2 - Emotional Experience,high,2023 Q3,Account access / loading failure
google_play_kaggle,2023-10-03,,Hard to use,Hard to use,,,1,negative,UX issues,,Dim 6 - Product & UX,,medium,2023 Q3,Interface & navigation
google_play_kaggle,2025-04-19,,Cancelled my subscription so they blocked my account.,Cancelled my subscription so they blocked my account.,,,1,negative,Account issues,Frustration,Dim 3 - Trust & Safety,Dim 2 - Emotional Experience,high,2025 Q1,Unjustified ban / suspension
google_play_kaggle,2023-09-14,,it dosnt let me buy the premium and always says can't verify this Google account...,it dosnt let me buy the premium and always says can't verify this Google account...,,,1,negative,Account issues,,Dim 3 - Trust & Safety,,high,2023 Q2,Login & verification failure
google_play_scraped,2026-03-25,,Cannot verify phone. never received message with code.,Cannot verify phone. never received message with code.,,,1,negative,Account issues,,Dim 3 - Trust & Safety,,high,2025 Q4,Login & verification failure
google_play_scraped,2026-04-03,,they blocked my account without any reason,they blocked my account without any reason,,,1,negative,Account issues,Poor support,Dim 3 - Trust & Safety,Dim 3 - Trust & Safety,high,2026 Q1,Unjustified ban / suspension
google_play_kaggle,2024-03-30,,"I have been trying to complete a payment, but everytime it's showing that 'Something went wrong, select your current country' Now my Google account is registered in India, i cross checked it and it shows INDIA. But no, for some reason Bumble is showing the same message again and again. So what should I do, do I have to select other country, inspite of living in India. Because Google account is showing properly where I live, ""INDIA"". But for some reason the app thinks I should choose else???????","I have been trying to complete a payment, but everytime it's showing that 'Something went wrong, select your current country' Now my Google account is registered in India, i cross checked it and it shows INDIA. But no, for some reason Bumble is showing the same message again and again. So what should I do, do I have to select other country, inspite of living in India. Because Google account is showing properly where I live, ""INDIA"". But for some reason the app thinks I should choose else???????",,,1,negative,Account issues,Frustration,Dim 3 - Trust & Safety,Dim 2 - Emotional Experience,high,2023 Q4,Login & verification failure
google_play_kaggle,2024-04-22,,Why is my bumble app stopped working the next day of subscribing to premium,Why is my bumble app stopped working the next day of subscribing to premium,,,1,negative,Account issues,Frustration,Dim 3 - Trust & Safety,Dim 2 - Emotional Experience,high,2024 Q1,Banned after paying
google_play_kaggle,2024-05-02,,Can't even verify I am real . What a joke. You also apparently being a man can't put a picture up shirtless but women can be in their bathing suits. This is retarded. What a dumb app.,Can't even verify I am real . What a joke. You also apparently being a man can't put a picture up shirtless but women can be in their bathing suits. This is retarded. What a dumb app.,,,1,negative,Account issues,Women-first negative,Dim 3 - Trust & Safety,Dim 5 - Brand & Competition,high,2024 Q1,Login & verification failure
google_play_kaggle,2024-11-04,,App failed to verify my profile even I upload my best taken photo,App failed to verify my profile even I upload my best taken photo,,,1,negative,Account issues,,Dim 3 - Trust & Safety,,high,2024 Q3,Age verification problems
google_play_kaggle,2025-10-04,,"I'm really disappointed with the Bumble app. I downloaded both Bumble for friends and Bumble dating to try to widen my social circle online. Both apps take forever to load.... sometimes I can't get the ""likes"" page to open, which means I can't see who liked me and reply to them. And yet I paid for the app! I wasn't using the free version. It's ridiculous! Trying to respond to messages online.....it can take 5mins just to load the page! I'm cancelling it.","I'm really disappointed with the Bumble app. I downloaded both Bumble for friends and Bumble dating to try to widen my social circle online. Both apps take forever to load.... sometimes I can't get the ""likes"" page to open, which means I can't see who liked me and reply to them. And yet I paid for the app! I wasn't using the free version. It's ridiculous! Trying to respond to messages online.....it can take 5mins just to load the page! I'm cancelling it.",,,1,negative,UX issues,Poor value for money,Dim 6 - Product & UX,Dim 4 - Monetisation,high,2025 Q3,Performance & loading
reddit,2025-07-29,2025-07-29,"Bumble doesn't just end a conversation that's started, she's either unmatched you or deleted her profile.




Also, you're probably going to need to get some thicker skin if you want to use the dating apps, it's rough out there.","Bumble doesn't just end a conversation that's started, she's either unmatched you or deleted her profile.




Also, you're probably going to need to get some thicker skin if you want to use the dating apps, it's rough out there.",bumble,So TIL that match conversations expire,,negative,Account issues,Frustration,Dim 3 - Trust & Safety,Dim 2 - Emotional Experience,high,2025 Q2,Account access / loading failure
google_play_kaggle,2025-01-20,,Dark mode??????????,Dark mode??????????,,,1,negative,UX issues,,Dim 6 - Product & UX,,medium,2024 Q4,Interface & navigation
google_play_kaggle,2024-08-09,,I created my account . It took me 30 minutes to create whole profile. I just liked few profiles and gave 3 compliments. When i wakeup next morning. They block me from bumble. I did not did any illegal activity,I created my account . It took me 30 minutes to create whole profile. I just liked few profiles and gave 3 compliments. When i wakeup next morning. They block me from bumble. I did not did any illegal activity,,,1,negative,Account issues,Frustration,Dim 3 - Trust & Safety,Dim 2 - Emotional Experience,high,2024 Q2,Unjustified ban / suspension
google_play_kaggle,2025-03-18,,"terrible app, no different from any other, except for lacking functionality to select distance or at least a city. Girls themselves dont even realize that they need to write first on this app 😂","terrible app, no different from any other, except for lacking functionality to select distance or at least a city. Girls themselves dont even realize that they need to write first on this app 😂",,,1,negative,UX issues,Worse than competition,Dim 6 - Product & UX,Dim 5 - Brand & Competition,high,2024 Q4,Filter & discovery issues
google_play_kaggle,2025-07-23,,Signed in. Browsed 5 profiles. Skipped all 5. Got blocked for something? Have no idea why. Thanks for the 5 minutes of usage I guess?,Signed in. Browsed 5 profiles. Skipped all 5. Got blocked for something? Have no idea why. Thanks for the 5 minutes of usage I guess?,,,1,negative,Account issues,Frustration,Dim 3 - Trust & Safety,Dim 2 - Emotional Experience,high,2025 Q2,Unjustified ban / suspension
google_play_kaggle,2024-02-02,,Payment is completed still the premium is not active what is this bug bumble I would want you to solve this! I was free today and wanted to spend some spare time here but now that I have paid and the balance has been deducted I need you to refund or resolve the situation asap! Or else Ill drop the ratings by a ton!,Payment is completed still the premium is not active what is this bug bumble I would want you to solve this! I was free today and wanted to spend some spare time here but now that I have paid and the balance has been deducted I need you to refund or resolve the situation asap! Or else Ill drop the ratings by a ton!,,,1,negative,Account issues,Poor support,Dim 3 - Trust & Safety,Dim 3 - Trust & Safety,high,2023 Q4,Account access / loading failure
google_play_kaggle,2025-06-22,,incompatible with dark mode and identify verification with valid doc must be mandatory,incompatible with dark mode and identify verification with valid doc must be mandatory,,,2,neutral,UX issues,Verification,Dim 6 - Product & UX,Dim 3 - Trust & Safety,high,2025 Q1,Interface & navigation
google_play_kaggle,2025-02-22,,Pls add view on people you superliked and people you sent compliments.,Pls add view on people you superliked and people you sent compliments.,,,4,positive,UX issues,,Dim 6 - Product & UX,,high,2024 Q4,Missing or removed features
google_play_kaggle,2025-03-02,,"I'm 19 years old, turning 20, i just got banned for making a joke that I'm a minor. I hope you unbanned my account, thank you!!","I'm 19 years old, turning 20, i just got banned for making a joke that I'm a minor. I hope you unbanned my account, thank you!!",,,3,neutral,Account issues,,Dim 3 - Trust & Safety,,high,2024 Q4,Unjustified ban / suspension
reddit,2024-01-30,2024-01-31,some possible way of how i could just get in contact with bumble without just automated responses would help,some possible way of how i could just get in contact with bumble without just automated responses would help,bumble,Ban with absolutely no warning or explanation,,negative,Account issues,Poor support,Dim 3 - Trust & Safety,Dim 3 - Trust & Safety,high,2023 Q4,Unjustified ban / suspension
google_play_kaggle,2024-07-25,,"Since am using a new phone, am unable to log in, it say payment settings,which I don't understand. Then connection error and when the connection is fine","Since am using a new phone, am unable to log in, it say payment settings,which I don't understand. Then connection error and when the connection is fine",,,1,negative,Account issues,,Dim 3 - Trust & Safety,,high,2024 Q2,Login & verification failure
google_play_kaggle,2023-10-16,,"How hard is to tell the location of the suggested person or the distance from me? Within each update, this app become more and more useless...","How hard is to tell the location of the suggested person or the distance from me? Within each update, this app become more and more useless...",,,1,negative,UX issues,,Dim 6 - Product & UX,,high,2023 Q3,Filter & discovery issues
google_play_kaggle,2024-09-01,,"Can't register. After getting the code via SMS, the app does not react to the ""Next"" button. Please raise problems with the app to support yourself, instead of asking people to do so.","Can't register. After getting the code via SMS, the app does not react to the ""Next"" button. Please raise problems with the app to support yourself, instead of asking people to do so.",,,1,negative,Account issues,,Dim 3 - Trust & Safety,,high,2024 Q2,Login & verification failure
google_play_kaggle,2025-04-13,,can read people's bio or my own the lettering is almost translucent and no way to change it...,can read people's bio or my own the lettering is almost translucent and no way to change it...,,,2,neutral,UX issues,,Dim 6 - Product & UX,,high,2025 Q1,Interface & navigation
google_play_kaggle,2025-03-30,,"the features are great. you get to share with others and these are real folks, too. i thought, if only you could do this or that on the app but ya know this platform is very flexible with many options and a high degree of creative freedom. the number one priority I noticed is personalization.","the features are great. you get to share with others and these are real folks, too. i thought, if only you could do this or that on the app but ya know this platform is very flexible with many options and a high degree of creative freedom. the number one priority I noticed is personalization.",,,5,positive,UX positive,,Dim 6 - Product & UX,,high,2024 Q4,Feature appreciation
google_play_kaggle,2024-10-27,,I joined the app paid for a month and then got logged out and they refuse to let me back in,I joined the app paid for a month and then got logged out and they refuse to let me back in,,,1,negative,Account issues,Poor support,Dim 3 - Trust & Safety,Dim 3 - Trust & Safety,high,2024 Q3,Banned after paying
google_play_kaggle,2025-08-09,,it banned me without any reason,it banned me without any reason,,,1,negative,Account issues,,Dim 3 - Trust & Safety,,high,2025 Q2,Unjustified ban / suspension
google_play_kaggle,2025-07-28,,my id got blocked without even using it. they said to upload 4 photos I was uploading the 4th one then there was some issue and after sometime a pop up message came to my screen that someone reported me so my id is blocked. they don't even have any customer support. worst app,my id got blocked without even using it. they said to upload 4 photos I was uploading the 4th one then there was some issue and after sometime a pop up message came to my screen that someone reported me so my id is blocked. they don't even have any customer support. worst app,,,2,neutral,Account issues,Poor support,Dim 3 - Trust & Safety,Dim 3 - Trust & Safety,high,2025 Q2,Unjustified ban / suspension
google_play_kaggle,2025-03-07,,Why put super like there? To cause mistakes?,Why put super like there? To cause mistakes?,,,1,negative,UX issues,,Dim 6 - Product & UX,,high,2024 Q4,Interface & navigation
google_play_kaggle,2024-10-03,,"Requires a newer OS, inconsistent interface (scroll up and down for content, left and right for pass and match, except for Instagram images that scroll left and right).","Requires a newer OS, inconsistent interface (scroll up and down for content, left and right for pass and match, except for Instagram images that scroll left and right).",,,1,negative,UX issues,,Dim 6 - Product & UX,,high,2024 Q3,Interface & navigation
google_play_kaggle,2023-12-18,,Bumble should give people a second chance,Bumble should give people a second chance,,,1,negative,Account issues,,Dim 3 - Trust & Safety,,medium,2023 Q3,Unjustified ban / suspension
google_play_kaggle,2024-09-30,,ONCE AGAIN BUMBLE DELETE MY PROFILE..PLEASE & THANK YOU :),ONCE AGAIN BUMBLE DELETE MY PROFILE..PLEASE & THANK YOU :),,,1,negative,Account issues,Frustration,Dim 3 - Trust & Safety,Dim 2 - Emotional Experience,high,2024 Q2,Unjustified ban / suspension
google_play_kaggle,2024-01-21,,"so pictures that don't even have my face are OK. but if there's a filtered pic of my unobstructed face, that's an issue","so pictures that don't even have my face are OK. but if there's a filtered pic of my unobstructed face, that's an issue",,,3,neutral,Account issues,,Dim 3 - Trust & Safety,,high,2023 Q4,Unjustified ban / suspension
google_play_kaggle,2024-05-21,,Neither can I upload a video... Nor can I complete a simple payment !!,Neither can I upload a video... Nor can I complete a simple payment !!,,,2,neutral,Account issues,Pricing issues,Dim 3 - Trust & Safety,Dim 4 - Monetisation,high,2024 Q1,Account access / loading failure
google_play_kaggle,2024-05-14,,what's with bumble's obsession with men and 🍇?? that's js weird,what's with bumble's obsession with men and 🍇?? that's js weird,,,1,negative,UX issues,,Dim 6 - Product & UX,,medium,2024 Q1,Interface & navigation
google_play_kaggle,2023-11-15,,"Very very bad app without warning your id will block for permanent,you can't again reuse. you have to lost chat & Waste of time. Sweet meet app good","Very very bad app without warning your id will block for permanent,you can't again reuse. you have to lost chat & Waste of time. Sweet meet app good",,,1,negative,Account issues,Frustration,Dim 3 - Trust & Safety,Dim 2 - Emotional Experience,high,2023 Q3,Unjustified ban / suspension
google_play_kaggle,2024-05-15,,"Android version does not work, support is unresponsive, verification process death loops... After talking at length with support team, death loop is hard coded in to cause political discrimination, hope this helps other users 👍","Android version does not work, support is unresponsive, verification process death loops... After talking at length with support team, death loop is hard coded in to cause political discrimination, hope this helps other users 👍",,,1,negative,Account issues,Poor support,Dim 3 - Trust & Safety,Dim 3 - Trust & Safety,high,2024 Q1,Login & verification failure
google_play_kaggle,2024-06-22,,Tooo many steps to sign in Lost interest in between and Uninstall after few steps..,Tooo many steps to sign in Lost interest in between and Uninstall after few steps..,,,1,negative,UX issues,Frustration,Dim 6 - Product & UX,Dim 2 - Emotional Experience,high,2024 Q1,Interface & navigation
google_play_kaggle,2024-08-03,,Great variety of people on an app so cleverly designed!,Great variety of people on an app so cleverly designed!,,,5,positive,UX positive,,Dim 6 - Product & UX,,high,2024 Q2,Good interface design
google_play_kaggle,2025-02-15,,Incredibly slow app performance,Incredibly slow app performance,,,1,negative,UX issues,,Dim 6 - Product & UX,,high,2024 Q4,Performance & loading
google_play_kaggle,2025-05-02,,being enjoying the app up till today. it started telling there's a glitch . got message like payment.settings.error.msg,being enjoying the app up till today. it started telling there's a glitch . got message like payment.settings.error.msg,,,3,neutral,Account issues,,Dim 3 - Trust & Safety,,high,2025 Q1,Account access / loading failure
google_play_kaggle,2024-02-23,,"Stop marketing 18+ apps as 17+ dude :/ I'm sick of it. I've seen so many and I just want some friends and every ""17+"" app I've gotten has let ne all through the sign up process and just randomly threw ""18+ only"" at me. 😕","Stop marketing 18+ apps as 17+ dude :/ I'm sick of it. I've seen so many and I just want some friends and every ""17+"" app I've gotten has let ne all through the sign up process and just randomly threw ""18+ only"" at me. 😕",,,2,neutral,Account issues,Frustration,Dim 3 - Trust & Safety,Dim 2 - Emotional Experience,high,2023 Q4,Age verification problems
google_play_kaggle,2023-08-04,,Was unable to verify my picture and locked me out .i write to the it team no response. Also i paid for this app and you have to pay extra to see who likes you .,Was unable to verify my picture and locked me out .i write to the it team no response. Also i paid for this app and you have to pay extra to see who likes you .,,,1,negative,Account issues,Poor support,Dim 3 - Trust & Safety,Dim 3 - Trust & Safety,high,2023 Q2,Banned after paying