source,original_date,comment_date,text,comment,subreddit,post_title,rating,sentiment_label,category_1,category_2,dimension_1,dimension_2,classification_confidence,Year,Fiscal Quarter,Financial quarter
google_play_scraped,2026-04-10,,terrible app. designed to make you pay for nothing. only 24 hrs to respond or never see it again. seems like a lot of fake profiles. probably one of the worst dating apps out.,terrible app. designed to make you pay for nothing. only 24 hrs to respond or never see it again. seems like a lot of fake profiles. probably one of the worst dating apps out.,,,1.0,negative,Forced subscription,Fake profiles & bots,Dim 4 - Monetisation,Dim 3 - Trust & Safety,high,2026,1,2026 Q1
google_play_scraped,2026-05-06,,filled with bots and predatory scam,filled with bots and predatory scam,,,1.0,negative,Fake profiles & bots,Scams,Dim 3 - Trust & Safety,Dim 3 - Trust & Safety,high,2026,1,2026 Q1
google_play_kaggle,2024-11-14,,Third class looting dating app!,Third class looting dating app!,,,1.0,negative,Poor value for money,Frustration,Dim 4 - Monetisation,Dim 2 - Emotional Experience,medium,2024,3,2024 Q3
google_play_scraped,2026-05-14,,"i am facing opt issue, i am not able to receive opt during registration process","i am facing opt issue, i am not able to receive opt during registration process",,,1.0,negative,Account issues,,Dim 3 - Trust & Safety,,high,2026,1,2026 Q1
google_play_kaggle,2025-06-03,,"I got slow performance on app .If I uninstall and reinstall again , I am not able to re login again.Such a worst experience","I got slow performance on app .If I uninstall and reinstall again , I am not able to re login again.Such a worst experience",,,1.0,negative,Bugs,Account issues,Dim 6 - Product & UX,Dim 3 - Trust & Safety,high,2025,1,2025 Q1
google_play_kaggle,2024-02-14,,Good site for beginners learning how to get back into date and be humble,Good site for beginners learning how to get back into date and be humble,,,5.0,positive,Positive emotional experience,,Dim 2 - Emotional Experience,,high,2023,4,2023 Q4
google_play_kaggle,2024-09-01,,"Bans you before allowing you to finish your profile or send a single message. They gave me a generic email response about violating their guidelines, but as I said, how could I when I didn't even finish my profile or send a single message!? 🤨 In response to Bumble: You already reviewed my case and sent me the aforementioned cookie cutter email that didn't explain anything about why I was ARBITRARILY banned.","Bans you before allowing you to finish your profile or send a single message. They gave me a generic email response about violating their guidelines, but as I said, how could I when I didn't even finish my profile or send a single message!? 🤨 In response to Bumble: You already reviewed my case and sent me the aforementioned cookie cutter email that didn't explain anything about why I was ARBITRARILY banned.",,,1.0,negative,Account issues,Poor support,Dim 3 - Trust & Safety,Dim 3 - Trust & Safety,high,2024,2,2024 Q2
google_play_kaggle,2024-01-02,,"You need to fix your photo censor, your customer service, and everything else.","You need to fix your photo censor, your customer service, and everything else.",,,1.0,negative,Poor support,UX issues,Dim 3 - Trust & Safety,Dim 6 - Product & UX,medium,2023,4,2023 Q4
google_play_kaggle,2024-05-13,,Your new advertising is called gas lighting. Do better.,Your new advertising is called gas lighting. Do better.,,,1.0,negative,Brand & Competition,,,,medium,2024,1,2024 Q1
google_play_kaggle,2024-06-10,,"this app must be a scam, how long does it take for someone to message me because without paying you can't message or check who liked you or do anything but swipe left and right.","this app must be a scam, how long does it take for someone to message me because without paying you can't message or check who liked you or do anything but swipe left and right.",,,2.0,neutral,Forced subscription,Scams,Dim 4 - Monetisation,Dim 3 - Trust & Safety,high,2024,1,2024 Q1
reddit,2025-04-29,2025-04-29,"From my experience as a man you need at least around 5% right swipe rate to have an account that somehow works (You will still no be nailing it at 5% but over time you will get some decent matches and if you have some texting skill than you will get some dates here and then out of that)
As an average male account with 1-2% right swipe rate which is exactly where you are, its just frustrating and will mentally drain you down over time so it does not make much sence to stick with dating apps.
However your account being unsuccessful does not mean your are unattractive in real live, so either try to create a new improved account and measure your swipe data again after some weeks or focus on real life approaches.","From my experience as a man you need at least around 5% right swipe rate to have an account that somehow works (You will still no be nailing it at 5% but over time you will get some decent matches and if you have some texting skill than you will get some dates here and then out of that)
As an average male account with 1-2% right swipe rate which is exactly where you are, its just frustrating and will mentally drain you down over time so it does not make much sence to stick with dating apps.
However your account being unsuccessful does not mean your are unattractive in real live, so either try to create a new improved account and measure your swipe data again after some weeks or focus on real life approaches.",bumble,Hard reality (24M),,negative,No matches,Dating fatigue,Dim 1 - Match Quality,Dim 2 - Emotional Experience,high,2025,1,2025 Q1
google_play_kaggle,2024-08-21,,Pay to play. Absolutely garbage.,Pay to play. Absolutely garbage.,,,1.0,negative,Forced subscription,Frustration,Dim 4 - Monetisation,Dim 2 - Emotional Experience,high,2024,2,2024 Q2
google_play_kaggle,2024-02-23,,You gotta allow guys to initate chat after matching. Guys usually get low matches but they get expired when the girls dont initiate chat. This feature needs to be changed and allow anyone to initiate chat after being matched.,You gotta allow guys to initate chat after matching. Guys usually get low matches but they get expired when the girls dont initiate chat. This feature needs to be changed and allow anyone to initiate chat after being matched.,,,2.0,neutral,Women-first negative,Product & UX,Dim 5 - Brand & Competition,,high,2023,4,2023 Q4
google_play_kaggle,2024-10-17,,Never subscribe with them . They keep billing me after canceling my subscription. They are so fake and the app is useless. I wish I could give no star.,Never subscribe with them . They keep billing me after canceling my subscription. They are so fake and the app is useless. I wish I could give no star.,,,1.0,negative,Forced subscription,Poor value for money,Dim 4 - Monetisation,Dim 4 - Monetisation,high,2024,3,2024 Q3
google_play_kaggle,2024-05-07,,it won't even save my prompts which is kinda a big part of the app?? I use the bff side and I wanna get started but I can't cause the prompts won't work and I don't want a bare profile,it won't even save my prompts which is kinda a big part of the app?? I use the bff side and I wanna get started but I can't cause the prompts won't work and I don't want a bare profile,,,1.0,negative,Bugs,,Dim 6 - Product & UX,,high,2024,1,2024 Q1
google_play_kaggle,2025-05-20,,"Thank you, Bumble! Never thought a swipe could lead to something so real. Thanks to Bumble, I found someone who truly understands me — my person. Grateful for the platform that made this connection possible. You didn’t just build an app;","Thank you, Bumble! Never thought a swipe could lead to something so real. Thanks to Bumble, I found someone who truly understands me — my person. Grateful for the platform that made this connection possible. You didn’t just build an app;",,,5.0,positive,Relationship success,Positive emotional experience,Dim 1 - Match Quality,Dim 2 - Emotional Experience,high,2025,1,2025 Q1
google_play_kaggle,2024-12-30,,"You have to pay to see who likes you, and it's doesn't seem to be cheap lol might as well just go outside and buy someone dinner","You have to pay to see who likes you, and it's doesn't seem to be cheap lol might as well just go outside and buy someone dinner",,,1.0,negative,Forced subscription,Poor value for money,Dim 4 - Monetisation,Dim 4 - Monetisation,high,2024,3,2024 Q3
reddit,2025-04-28,2025-04-28,">Tho on the attractive part I tend to agree. I notice it always on Hinge were I get matches with attractive women only or mostly if I like them first but my like inbox is full of (no offense) average or below average girls that try their luck




Just wanted to attest that's pretty much what I've experienced as well. Of course there have been a few that liked me first that I thought were cute but 9 times out of 10, they're not what I'm looking for.




I'm guessing the women that are above average simply don't have to like anyone first when they have 100 dudes (and counting) that have already liked them. Why would they even look at profiles that haven't liked them yet? Just a rhetorical question to illustrate the point.",">Tho on the attractive part I tend to agree. I notice it always on Hinge were I get matches with attractive women only or mostly if I like them first but my like inbox is full of (no offense) average or below average girls that try their luck




Just wanted to attest that's pretty much what I've experienced as well. Of course there have been a few that liked me first that I thought were cute but 9 times out of 10, they're not what I'm looking for.




I'm guessing the women that are above average simply don't have to like anyone first when they have 100 dudes (and counting) that have already liked them. Why would they even look at profiles that haven't liked them yet? Just a rhetorical question to illustrate the point.",onlinedating,Single for 15 years,,negative,Bad quality matches,Algorithm issues,Dim 1 - Match Quality,Dim 6 - Product & UX,high,2025,1,2025 Q1
google_play_kaggle,2024-03-03,,it's not free as they said,it's not free as they said,,,2.0,neutral,Forced subscription,,Dim 4 - Monetisation,,high,2023,4,2023 Q4
google_play_kaggle,2025-07-04,,"Bumble puts too much restriction on your ability to send messages (aka ""send a compliment"")... even with a paid subscription!","Bumble puts too much restriction on your ability to send messages (aka ""send a compliment"")... even with a paid subscription!",,,1.0,negative,Forced subscription,Monetisation manipulation,Dim 4 - Monetisation,Dim 4 - Monetisation,high,2025,2,2025 Q2
google_play_kaggle,2025-03-06,,Soul crushing as a Thai guy (international background) who's been working on themselves but don't fit hypermasculine or k-pop standards. Even paid for premium and no results,Soul crushing as a Thai guy (international background) who's been working on themselves but don't fit hypermasculine or k-pop standards. Even paid for premium and no results,,,1.0,negative,Bad quality matches,Hopelessness,Dim 1 - Match Quality,Dim 2 - Emotional Experience,high,2023,4,2024 Q4
google_play_kaggle,2025-06-20,,Fix your travel in settings. you cant travel even its already 2 weeks,Fix your travel in settings. you cant travel even its already 2 weeks,,,1.0,negative,UX issues,,Dim 6 - Product & UX,,high,2025,1,2025 Q1
google_play_kaggle,2023-09-03,,Love it! I pay for the week of swipes and have dates for months.,Love it! I pay for the week of swipes and have dates for months.,,,5.0,positive,Good value for money,Positive emotional experience,Dim 4 - Monetisation,Dim 2 - Emotional Experience,high,2023,2,2023 Q2
google_play_kaggle,2023-10-13,,Like tinder but less choice and more expensive.,Like tinder but less choice and more expensive.,,,2.0,neutral,Worse than competition,Poor value for money,Dim 5 - Brand & Competition,Dim 4 - Monetisation,high,2023,3,2023 Q3
app_store,2026-05-01,,This is truly a waste of time. They make it so you have to pay to get anywhere.,This is truly a waste of time. They make it so you have to pay to get anywhere.,,,1.0,negative,Forced subscription,Frustration,Dim 4 - Monetisation,Dim 2 - Emotional Experience,high,2026,1,2026 Q1
reddit,2025-10-30,2025-10-30,"I can second the hiking group. I haven't gone on any dates from it as of yet, but I made a nice female friend and many acquaintances.","I can second the hiking group. I haven't gone on any dates from it as of yet, but I made a nice female friend and many acquaintances.",onlinedating,Ladies in their mid 30s…what are y'all doing to get actual in person dates?,,neutral,Uncategorised,,Uncategorised,,low,2025,3,2025 Q3
reddit,2024-07-30,2024-07-30,"You are getting superficial likes and your selection for matches is way too high. 




Your profile isn’t good enough for the matches you want to make in NYC because you are too basic. Good looking fit guy is just basic as is a girl equivalent. The top tier are looking for more substance and difference. 




Play the numbers game with Premium and work on your pattern recognition. See what types respond to you. 




It would help to see what you are saying to these attempted matches but your best bet is to go premium for a month and see what works for you. It’s classic missed levels here. You’d do much much better IRL if you have a decent opening and social game.","You are getting superficial likes and your selection for matches is way too high. 




Your profile isn’t good enough for the matches you want to make in NYC because you are too basic. Good looking fit guy is just basic as is a girl equivalent. The top tier are looking for more substance and difference. 




Play the numbers game with Premium and work on your pattern recognition. See what types respond to you. 




It would help to see what you are saying to these attempted matches but your best bet is to go premium for a month and see what works for you. It’s classic missed levels here. You’d do much much better IRL if you have a decent opening and social game.",hingeapp,"25M, NYC, Lots of likes but no matches—time for premium?",,negative,Bad quality matches,Algorithm issues,Dim 1 - Match Quality,Dim 6 - Product & UX,high,2024,2,2024 Q2
reddit,2026-01-29,2026-01-30,So no update on this? Tell us about these multiple verifications. Mods? Care to explain,So no update on this? Tell us about these multiple verifications. Mods? Care to explain,hingeapp,Verified Check vs Verified,,negative,Account issues,Verification,Dim 3 - Trust & Safety,Dim 3 - Trust & Safety,high,2024,4,2025 Q4
google_play_kaggle,2023-09-10,,Good appNice it's great application,Good appNice it's great application,,,5.0,positive,Positive emotional experience,,Dim 2 - Emotional Experience,,medium,2023,2,2023 Q2
google_play_kaggle,2024-07-06,,The app is okay and it works well sometimes. I just think it'd be cool if they added a function where we could use a go back button or see who liked us by like watching an ad at least once or twice a day.,The app is okay and it works well sometimes. I just think it'd be cool if they added a function where we could use a go back button or see who liked us by like watching an ad at least once or twice a day.,,,2.0,neutral,UX positive,UX issues,Dim 6 - Product & UX,Dim 6 - Product & UX,high,2024,2,2024 Q2
google_play_kaggle,2024-04-08,,"1. You have to pay quite a bit to talk to anyone/see people that like u. 2. No way to cancel your subscription in the app the only option is to delete your account I made a mistake of deleting my account and thought just using the same email would populate my profile again. But it did not and now I have a new profile which customer service tells me is a no no, but then why did your app let me create another one? 3. Customer service is garbage and not helpful. No way to speak over the phone.","1. You have to pay quite a bit to talk to anyone/see people that like u. 2. No way to cancel your subscription in the app the only option is to delete your account I made a mistake of deleting my account and thought just using the same email would populate my profile again. But it did not and now I have a new profile which customer service tells me is a no no, but then why did your app let me create another one? 3. Customer service is garbage and not helpful. No way to speak over the phone.",,,1.0,negative,Forced subscription,Poor support,Dim 4 - Monetisation,Dim 3 - Trust & Safety,high,2024,1,2024 Q1
google_play_kaggle,2023-11-03,,$100 a week for premium :'''''D The pathetic rejects who left Tinder to make this app should live 100 years with their bottom-feeder shame on their shoulders. May you live and rot forever :),$100 a week for premium :'''''D The pathetic rejects who left Tinder to make this app should live 100 years with their bottom-feeder shame on their shoulders. May you live and rot forever :),,,1.0,negative,Pricing issues,Frustration,Dim 4 - Monetisation,Dim 2 - Emotional Experience,high,2023,3,2023 Q3
google_play_kaggle,2023-11-21,,It's good! but should be used in big cities where you'll get more matches,It's good! but should be used in big cities where you'll get more matches,,,4.0,positive,No matches,,Dim 1 - Match Quality,,medium,2023,3,2023 Q3
google_play_kaggle,2023-12-11,,"Bumble pretty much stole money from me and I am not getting any replys from their customer service, unbelievable. Ad is advertising for one day to unlock a feature, turns out it's a subscription, I unlink my PayPal from bumble, surprise they still charged me for a third day. This app is designed to steal money from you, nothing is clearly communicated to the customer and their customer service does not reply to you.","Bumble pretty much stole money from me and I am not getting any replys from their customer service, unbelievable. Ad is advertising for one day to unlock a feature, turns out it's a subscription, I unlink my PayPal from bumble, surprise they still charged me for a third day. This app is designed to steal money from you, nothing is clearly communicated to the customer and their customer service does not reply to you.",,,1.0,negative,Forced subscription,Poor support,Dim 4 - Monetisation,Dim 3 - Trust & Safety,high,2023,3,2023 Q3
google_play_kaggle,2024-09-25,,app sucks have to pay to use it an messge people have no likes an all.yea not fun at all not reliable,app sucks have to pay to use it an messge people have no likes an all.yea not fun at all not reliable,,,1.0,negative,Forced subscription,Frustration,Dim 4 - Monetisation,Dim 2 - Emotional Experience,high,2024,2,2024 Q2
google_play_kaggle,2024-11-15,,"1: matches should not expire! Or stay 48 to 62 hours, please! 2:We should have info in our profiles about relationship status and monogamy/poly, the same way we choose religion or smoking, so I can weed out poly people. 3:Can we please get the people we've already said yes on back into our list so we can super like? 4: ban all photos of fish and dead animals","1: matches should not expire! Or stay 48 to 62 hours, please! 2:We should have info in our profiles about relationship status and monogamy/poly, the same way we choose religion or smoking, so I can weed out poly people. 3:Can we please get the people we've already said yes on back into our list so we can super like? 4: ban all photos of fish and dead animals",,,2.0,neutral,UX issues,Algorithm issues,Dim 6 - Product & UX,Dim 6 - Product & UX,medium,2024,3,2024 Q3
google_play_kaggle,2023-10-04,,Baru Satu malam premium masa account Saya hilang .does y'all collection money only ?,Baru Satu malam premium masa account Saya hilang .does y'all collection money only ?,,,1.0,negative,Account issues,Poor value for money,Dim 3 - Trust & Safety,Dim 4 - Monetisation,medium,2023,3,2023 Q3
reddit,2025-04-29,2025-05-03,Doesn’t always happen- I think the record for me making the first move and women making the doll first is 47-2. The Browns have a better record,Doesn’t always happen- I think the record for me making the first move and women making the doll first is 47-2. The Browns have a better record,bumble,They always have to make it weird…,,neutral,Uncategorised,,Uncategorised,,low,2025,1,2025 Q1
google_play_kaggle,2024-08-22,,"Terrible. Have to pay to even use it. Get very few matches. The one's who do match don't ""message first."" . Even if you buy and use superswipe, this does nothing. Complete waste of time and money","Terrible. Have to pay to even use it. Get very few matches. The one's who do match don't ""message first."" . Even if you buy and use superswipe, this does nothing. Complete waste of time and money",,,1.0,negative,Forced subscription,Poor value for money,Dim 4 - Monetisation,Dim 4 - Monetisation,high,2024,2,2024 Q2
google_play_kaggle,2024-12-11,,it is near impossible to talk to anybody who works here or cancel my membership without changing my bank card . I just get the run around. never had any success on here . bumble stole 18.99 out of my account again keep telling me I can cancel with no way to do it . please don't ever call for this companies lies . there is no way to cancel only by changing your credit card number .,it is near impossible to talk to anybody who works here or cancel my membership without changing my bank card . I just get the run around. never had any success on here . bumble stole 18.99 out of my account again keep telling me I can cancel with no way to do it . please don't ever call for this companies lies . there is no way to cancel only by changing your credit card number .,,,1.0,negative,Forced subscription,Poor support,Dim 4 - Monetisation,Dim 3 - Trust & Safety,high,2024,3,2024 Q3
google_play_kaggle,2024-10-02,,"Worst app ever i instead , Badoo is far better than this app.","Worst app ever i instead , Badoo is far better than this app.",,,1.0,negative,Worse than competition,,Dim 5 - Brand & Competition,,high,2024,3,2024 Q3
google_play_kaggle,2024-08-11,,Help me with my login,Help me with my login,,,3.0,neutral,Account issues,,Dim 3 - Trust & Safety,,high,2024,2,2024 Q2
google_play_kaggle,2025-05-15,,"Not happy the app lies to you: it will tell you've seen everyone in your area, yet the next day or two it will give you more people nearby. It only gives you 24 hours to connect to a match; I'm not always online everyday meaning I've lost matches. Charges extortionate amounts for basic services that should be available (such as advanced search and seeing who likes you). I get that Bumble is a business that requires revenue, but the greedyness and lying puts me off. Do not recommend.","Not happy the app lies to you: it will tell you've seen everyone in your area, yet the next day or two it will give you more people nearby. It only gives you 24 hours to connect to a match; I'm not always online everyday meaning I've lost matches. Charges extortionate amounts for basic services that should be available (such as advanced search and seeing who likes you). I get that Bumble is a business that requires revenue, but the greedyness and lying puts me off. Do not recommend.",,,2.0,neutral,Algorithm issues,Forced subscription,Dim 6 - Product & UX,Dim 4 - Monetisation,high,2025,1,2025 Q1
google_play_scraped,2026-04-12,,Got blocked for no reason and they never gave a reason as to why. They just say I didn't adhere to the guidelines when I did!,Got blocked for no reason and they never gave a reason as to why. They just say I didn't adhere to the guidelines when I did!,,,1.0,negative,Account issues,Poor support,Dim 3 - Trust & Safety,Dim 3 - Trust & Safety,high,2026,1,2026 Q1
reddit,2025-10-29,2025-10-30,"this happened to me. I made several appeals and the decision was ""final"". I sent a request to have all my data removed (months after my ban) and then I got an email stating that my account was mistakenly blocked. of course, because I never violated the rules. 




unrelated but I have literally recieved unsolicited nudes then see the same guy on bumble weeks later. its so ridiculous I got banned for months for NOTHING, meanwhile men say and do vile shit and I see them over and over.","this happened to me. I made several appeals and the decision was ""final"". I sent a request to have all my data removed (months after my ban) and then I got an email stating that my account was mistakenly blocked. of course, because I never violated the rules. 




unrelated but I have literally recieved unsolicited nudes then see the same guy on bumble weeks later. its so ridiculous I got banned for months for NOTHING, meanwhile men say and do vile shit and I see them over and over.",bumble,Banned?,,negative,Account issues,Poor support,Dim 3 - Trust & Safety,Dim 3 - Trust & Safety,high,2025,3,2025 Q3
google_play_kaggle,2025-03-27,,никого нет,никого нет,,,1.0,negative,No matches,,Dim 1 - Match Quality,,high,2023,4,2024 Q4
google_play_kaggle,2025-05-26,,can't solve puzzle to log in. guess i'm not human🤷🏼‍♂️,can't solve puzzle to log in. guess i'm not human🤷🏼‍♂️,,,1.0,negative,UX issues,Frustration,Dim 6 - Product & UX,Dim 2 - Emotional Experience,high,2025,1,2025 Q1
google_play_kaggle,2024-02-08,,It gave me blocked even if I use this only 10-20 minutes per day,It gave me blocked even if I use this only 10-20 minutes per day,,,1.0,negative,Account issues,,Dim 3 - Trust & Safety,,high,2023,4,2023 Q4
google_play_kaggle,2023-11-03,,"It's a major letdown. It's only 1 type of race and rare, if i see any others. A waste of money and time!!","It's a major letdown. It's only 1 type of race and rare, if i see any others. A waste of money and time!!",,,1.0,negative,Bad quality matches,Poor value for money,Dim 1 - Match Quality,Dim 4 - Monetisation,high,2023,3,2023 Q3
google_play_kaggle,2025-04-26,,"I've used this app for years now sadly, and have been a premium member now for about 4. Lately, I'm not sure if anyone is on here anymore. I've gone months since I've had a real match. I swipe as many profiles daily as I can see, I use the spotlight weekly, and nothing. Months ago, each spotlight would get me maybe 5 or 6 likes. Now, for months, it's rare to even get one, much less one I would match with. Either this app is dead or my account is being hidden in some way or another.","I've used this app for years now sadly, and have been a premium member now for about 4. Lately, I'm not sure if anyone is on here anymore. I've gone months since I've had a real match. I swipe as many profiles daily as I can see, I use the spotlight weekly, and nothing. Months ago, each spotlight would get me maybe 5 or 6 likes. Now, for months, it's rare to even get one, much less one I would match with. Either this app is dead or my account is being hidden in some way or another.",,,1.0,negative,No matches,Frustration,Dim 1 - Match Quality,Dim 2 - Emotional Experience,high,2025,1,2025 Q1
google_play_kaggle,2024-01-24,,"Paid for premium but it's still regular, please look into this","Paid for premium but it's still regular, please look into this",,,2.0,neutral,Account issues,Poor support,Dim 3 - Trust & Safety,Dim 3 - Trust & Safety,high,2023,4,2023 Q4
google_play_kaggle,2025-06-03,,worst... I using premium + still no match you are looting people... I want my refund as soon as possible... or I will sue you,worst... I using premium + still no match you are looting people... I want my refund as soon as possible... or I will sue you,,,1.0,negative,Forced subscription,Poor value for money,Dim 4 - Monetisation,Dim 4 - Monetisation,high,2025,1,2025 Q1
google_play_kaggle,2024-01-29,,i.like bumble apps for dating because no scammers here and no bad,i.like bumble apps for dating because no scammers here and no bad,,,5.0,positive,Fake profiles & bots,Positive emotional experience,Dim 3 - Trust & Safety,Dim 2 - Emotional Experience,medium,2023,4,2023 Q4
google_play_kaggle,2024-10-24,,What's the point of the free version of this app if you can't do anything in the form of communication its really lame,What's the point of the free version of this app if you can't do anything in the form of communication its really lame,,,1.0,negative,Forced subscription,Frustration,Dim 4 - Monetisation,Dim 2 - Emotional Experience,high,2024,3,2024 Q3
google_play_kaggle,2023-08-26,,Paid premium & when I tried to verify my photo it froze & would not allow me back to my profile so disappointed as it was going good . Contacted the help center multiple times to rectify the problem & got no help at all ..,Paid premium & when I tried to verify my photo it froze & would not allow me back to my profile so disappointed as it was going good . Contacted the help center multiple times to rectify the problem & got no help at all ..,,,1.0,negative,Account issues,Poor support,Dim 3 - Trust & Safety,Dim 3 - Trust & Safety,high,2023,2,2023 Q2
reddit,2026-01-30,2026-01-30,"Realistically, it's counterproductive to obsess over why a particular person ghosts you. You simply don't have enough information to act on. If you have seen the curated ""ick list"", it's worth browsing. 




https://www.tiktok.com/@wyszkay?_r=1&_t=ZP-93VXdxO2QUZ




It's a preposterous list with video examples that regularly conflicts with previous rules....and that's the point. Everyone you meet is going to have their own set of wants and needs. In your mind, you could do everything right. She might even agree with you, but that doesn't mean it's enough to keep her interest. It's fairly common for the average person to not even articulate what they truly need. A large percentage of dating is about someone learning what they DON'T want and filtering from there. 




If you're being ghosted constantly, then you have to start thinking about why it's happening. It could be a habit that no one's ever pointed out to you. Maybe you're going to a particular demographic that isn't generally into your type. There are an infinite number of reasons why a relationship doesn't ultimately for.




It's certainly possible to attract someone if you aren't necessarily their type. I'm quite short, and height is an area women mention in preferences almost constantly. I've had plenty say it directly to my face, and it still occasionally leads to a successful relationship. You just have the realize every relationship is going to end until you find the one that doesn't.","Realistically, it's counterproductive to obsess over why a particular person ghosts you. You simply don't have enough information to act on. If you have seen the curated ""ick list"", it's worth browsing. 




https://www.tiktok.com/@wyszkay?_r=1&_t=ZP-93VXdxO2QUZ




It's a preposterous list with video examples that regularly conflicts with previous rules....and that's the point. Everyone you meet is going to have their own set of wants and needs. In your mind, you could do everything right. She might even agree with you, but that doesn't mean it's enough to keep her interest. It's fairly common for the average person to not even articulate what they truly need. A large percentage of dating is about someone learning what they DON'T want and filtering from there. 




If you're being ghosted constantly, then you have to start thinking about why it's happening. It could be a habit that no one's ever pointed out to you. Maybe you're going to a particular demographic that isn't generally into your type. There are an infinite number of reasons why a relationship doesn't ultimately for.




It's certainly possible to attract someone if you aren't necessarily their type. I'm quite short, and height is an area women mention in preferences almost constantly. I've had plenty say it directly to my face, and it still occasionally leads to a successful relationship. You just have the realize every relationship is going to end until you find the one that doesn't.",bumble,How much influence do we actually have over someone's attraction? (Reflecting after being ghosted),,neutral,Uncategorised,,Uncategorised,,low,2024,4,2025 Q4
google_play_kaggle,2024-12-26,,Bait and switch ..scam!! If you don't pay for premium you have no way of connecting... They just take your initial payment of $30,Bait and switch ..scam!! If you don't pay for premium you have no way of connecting... They just take your initial payment of $30,,,1.0,negative,Forced subscription,Scams,Dim 4 - Monetisation,Dim 3 - Trust & Safety,high,2024,3,2024 Q3
google_play_kaggle,2024-02-16,,I wonder why they took off the the speed dating feature. Please do it back....,I wonder why they took off the the speed dating feature. Please do it back....,,,4.0,positive,UX issues,,Dim 6 - Product & UX,,medium,2023,4,2023 Q4
google_play_kaggle,2023-08-07,,"I have been shadow banned lol, tried making a profile from my friends phone and we both swiped right, and the match never appeared on my account even after having premium","I have been shadow banned lol, tried making a profile from my friends phone and we both swiped right, and the match never appeared on my account even after having premium",,,1.0,negative,Account issues,Poor support,Dim 3 - Trust & Safety,Dim 3 - Trust & Safety,high,2023,2,2023 Q2
reddit,2025-04-29,2025-04-29,"Depends on usage in your region, but Birdy, Happn, Hily, Boo, Coffee Meets Bagel","Depends on usage in your region, but Birdy, Happn, Hily, Boo, Coffee Meets Bagel",onlinedating,Tried online dating but never worked out,,neutral,Uncategorised,,Uncategorised,,low,2025,1,2025 Q1
app_store,2026-03-28,,"Literally went nowhere, not even a number exchange. Just trash.","Literally went nowhere, not even a number exchange. Just trash.",,,1.0,negative,Low effort interactions,Frustration,Dim 1 - Match Quality,Dim 2 - Emotional Experience,high,2024,4,2025 Q4
app_store,2026-04-18,,If you subscribe with a card you will not be able to cancel your subscription without getting customer service to do so for you. This can’t be legal.,If you subscribe with a card you will not be able to cancel your subscription without getting customer service to do so for you. This can’t be legal.,,,1.0,negative,Forced subscription,Poor support,Dim 4 - Monetisation,Dim 3 - Trust & Safety,high,2026,1,2026 Q1
google_play_kaggle,2023-08-25,,"Poor, people are too far away, in talking 100 miles plus, you get like barely 5 swipes a day. Until it says your out of likes, how Iliked 6 profiles the whole week! Acounts should also be banned for friends or ghosting on multiple accounts. People are weird and this is even weirder","Poor, people are too far away, in talking 100 miles plus, you get like barely 5 swipes a day. Until it says your out of likes, how Iliked 6 profiles the whole week! Acounts should also be banned for friends or ghosting on multiple accounts. People are weird and this is even weirder",,,1.0,negative,Bad quality matches,Frustration,Dim 1 - Match Quality,Dim 2 - Emotional Experience,high,2023,2,2023 Q2
google_play_kaggle,2023-12-15,,"The app uses your current location while swiping. If you live in a tourist-like area, this makes it impossible to find local matches because you have tons of new profiles to swipe through on a daily basis that are not local. Also plenty of false matches behind a paywall, that will not appear in your regular feed, since those matches may no longer be withing a searchable range.","The app uses your current location while swiping. If you live in a tourist-like area, this makes it impossible to find local matches because you have tons of new profiles to swipe through on a daily basis that are not local. Also plenty of false matches behind a paywall, that will not appear in your regular feed, since those matches may no longer be withing a searchable range.",,,1.0,negative,Algorithm issues,Poor value for money,Dim 6 - Product & UX,Dim 4 - Monetisation,high,2023,3,2023 Q3
reddit,2023-10-30,2023-11-01,"3-5 matches a week converting to 2 dates may seem a bit low but it looks like the issue is with the quality of conversations not your profile. I wouldn’t take it personally though, some people just like the process of matching not necessarily seeking a connection.","3-5 matches a week converting to 2 dates may seem a bit low but it looks like the issue is with the quality of conversations not your profile. I wouldn’t take it personally though, some people just like the process of matching not necessarily seeking a connection.",hingeapp,38M Any suggestions are greatly appreciated,,neutral,Low effort interactions,Validation seeking,Dim 1 - Match Quality,Dim 1 - Match Quality,high,2023,3,2023 Q3
google_play_kaggle,2023-09-30,,It's not good apps totally money waste koi bhi download mat karna chu... Banate hai bus,It's not good apps totally money waste koi bhi download mat karna chu... Banate hai bus,,,1.0,negative,Poor value for money,Frustration,Dim 4 - Monetisation,Dim 2 - Emotional Experience,high,2023,2,2023 Q2
reddit,2025-04-29,2025-04-29,"Im like, as a woman, this is somehow extremely common for me to see in the mens bios ...ha. it seems like 1 in every 20ish swipes is a married man who is in some type of ""ENM"" relationship and wants another girl. Smh. Personally not my preference, and I may subconsciously judge it do to my own opinions, but to each their own I guess ha","Im like, as a woman, this is somehow extremely common for me to see in the mens bios ...ha. it seems like 1 in every 20ish swipes is a married man who is in some type of ""ENM"" relationship and wants another girl. Smh. Personally not my preference, and I may subconsciously judge it do to my own opinions, but to each their own I guess ha",bumble,Wtf did i just see,,negative,Bad quality matches,Relationship mismatch,Dim 1 - Match Quality,Dim 1 - Match Quality,high,2025,1,2025 Q1
google_play_kaggle,2024-07-27,,It's not loading for 2 days now,It's not loading for 2 days now,,,1.0,negative,Bugs,,Dim 6 - Product & UX,,high,2024,2,2024 Q2
google_play_kaggle,2023-09-20,,"It's been a good experience and I like the way they function. It's easy to use, many options are available. I have paid in the past, I'd say about 3 years ago and it was cheaper then, expensive but cheaper at least. I'd give 5 stars overall but honestly they only deserve 3 and that's because of what I consider absolute price gouging. I've seen expensive but Bumble is just ridiculous. If it was reasonable I'd actually subscribe for the paying service again but damn, when I saw the prices, wow!","It's been a good experience and I like the way they function. It's easy to use, many options are available. I have paid in the past, I'd say about 3 years ago and it was cheaper then, expensive but cheaper at least. I'd give 5 stars overall but honestly they only deserve 3 and that's because of what I consider absolute price gouging. I've seen expensive but Bumble is just ridiculous. If it was reasonable I'd actually subscribe for the paying service again but damn, when I saw the prices, wow!",,,3.0,neutral,Pricing issues,UX positive,Dim 4 - Monetisation,Dim 6 - Product & UX,high,2023,2,2023 Q2
google_play_kaggle,2023-10-19,,"Unresponsive support. Even after paying a hefty amount for premium, my premium is not active. Tried to contact the support staff on plenty times. Never got a response. This is as good as fraud.","Unresponsive support. Even after paying a hefty amount for premium, my premium is not active. Tried to contact the support staff on plenty times. Never got a response. This is as good as fraud.",,,1.0,negative,Poor support,Forced subscription,Dim 3 - Trust & Safety,Dim 4 - Monetisation,high,2023,3,2023 Q3
google_play_kaggle,2024-06-12,,"Good luck canceling the paid version, they will keep charging you and your subscription status will revert back to active! Contacting support is useless, they just politely tell you you didn't cancel and they can't refund your money, even when you explain yourself. I'll be forced to take it up with my cc company.","Good luck canceling the paid version, they will keep charging you and your subscription status will revert back to active! Contacting support is useless, they just politely tell you you didn't cancel and they can't refund your money, even when you explain yourself. I'll be forced to take it up with my cc company.",,,1.0,negative,Forced subscription,Poor support,Dim 4 - Monetisation,Dim 3 - Trust & Safety,high,2024,1,2024 Q1
reddit,2023-10-30,2023-10-30,"It's a legitimate issue, dating apps have way more guys than girls, and way more creeps than good people, when my friend was looking at guys profiles they seem nice at first, but when they matched with them they jumped to asking for head or asking about if she was OK with abortions because condoms are uncomfortable and they proffered raw, they showed no regard for her wellbeing or what she wanted in a relationship, she was treated like an object and it ruined her self esteem because she thought her personality didn't matter to anyone as long as she was fun jn bed, people can downvote me all they want but it doesn't change the facts




There are way more guys than girls on dating apps
There are too many guys who act nice and then turn into assholes, or are just outright assholes




The dating scene is not the place to find good guys, because they're either taken really fast, or they match with terrible people who mistreat them, or people ignore them because they're not an 8 or above, and it puts them off dating all together","It's a legitimate issue, dating apps have way more guys than girls, and way more creeps than good people, when my friend was looking at guys profiles they seem nice at first, but when they matched with them they jumped to asking for head or asking about if she was OK with abortions because condoms are uncomfortable and they proffered raw, they showed no regard for her wellbeing or what she wanted in a relationship, she was treated like an object and it ruined her self esteem because she thought her personality didn't matter to anyone as long as she was fun jn bed, people can downvote me all they want but it doesn't change the facts




There are way more guys than girls on dating apps
There are too many guys who act nice and then turn into assholes, or are just outright assholes




The dating scene is not the place to find good guys, because they're either taken really fast, or they match with terrible people who mistreat them, or people ignore them because they're not an 8 or above, and it puts them off dating all together",bumble,Gotta love the guys on online dating apps 🙄,,negative,Bad quality matches,Harassment & safety,Dim 1 - Match Quality,Dim 3 - Trust & Safety,high,2023,3,2023 Q3
google_play_kaggle,2025-01-22,,I paid for it but still not active after 12 days,I paid for it but still not active after 12 days,,,1.0,negative,Account issues,,Dim 3 - Trust & Safety,,high,2023,4,2024 Q4
google_play_kaggle,2024-06-11,,need more options and trust for this app,need more options and trust for this app,,,3.0,neutral,Too many options,Trust & Safety,Dim 1 - Match Quality,,medium,2024,1,2024 Q1
google_play_kaggle,2025-08-15,,my account has been blocked because I just wrote that I am 18 but only 1 day is left for me to turn 18. and I have genuinely used this app for not more than a week. and in middle of a genuine conversation my account was blocked.and I have used my different email id as i wanted to have privacy but they banned my account in middle of a genuine conversation. I hope for my account being restored.,my account has been blocked because I just wrote that I am 18 but only 1 day is left for me to turn 18. and I have genuinely used this app for not more than a week. and in middle of a genuine conversation my account was blocked.and I have used my different email id as i wanted to have privacy but they banned my account in middle of a genuine conversation. I hope for my account being restored.,,,1.0,negative,Account issues,Frustration,Dim 3 - Trust & Safety,Dim 2 - Emotional Experience,high,2025,2,2025 Q2
google_play_kaggle,2024-09-18,,Only works if you're attractive. Otherwise you get bots.,Only works if you're attractive. Otherwise you get bots.,,,1.0,negative,Bad quality matches,Fake profiles & bots,Dim 1 - Match Quality,Dim 3 - Trust & Safety,high,2024,2,2024 Q2
google_play_kaggle,2023-10-10,,I couldn't message anyone since the app crashes when I try to can someone fux this? I tried everything alr,I couldn't message anyone since the app crashes when I try to can someone fux this? I tried everything alr,,,1.0,negative,Bugs,,Dim 6 - Product & UX,,high,2023,3,2023 Q3
reddit,2025-01-30,2025-01-31,"I've done the whole ""hey. :)"" thing before. Sometimes, I'm busy, sometimes tired, and occasionally, I've got multiple matches to reply to, and I'd like to do so in a timely manner. It definitely isn't habitual, and there is no master plan behind why I do it. 




Other times, I'm more chatty. 




For once, I'm saying it's not that deep. :)","I've done the whole ""hey. :)"" thing before. Sometimes, I'm busy, sometimes tired, and occasionally, I've got multiple matches to reply to, and I'd like to do so in a timely manner. It definitely isn't habitual, and there is no master plan behind why I do it. 




Other times, I'm more chatty. 




For once, I'm saying it's not that deep. :)",bumble,Why do women suck at texting first ?,,neutral,Uncategorised,,Uncategorised,,low,2023,4,2024 Q4
google_play_kaggle,2025-04-26,,restore purchase very slow,restore purchase very slow,,,1.0,negative,Account issues,,Dim 3 - Trust & Safety,,medium,2025,1,2025 Q1
google_play_kaggle,2024-12-20,,I am new to this but the app is pretty cool,I am new to this but the app is pretty cool,,,5.0,positive,Positive emotional experience,,Dim 2 - Emotional Experience,,high,2024,3,2024 Q3
google_play_kaggle,2024-09-13,,Cannot see who liked me because they want me to pay,Cannot see who liked me because they want me to pay,,,1.0,negative,Forced subscription,,Dim 4 - Monetisation,,high,2024,2,2024 Q2
google_play_kaggle,2023-09-06,,"$$$$$ Bumble is a money game now in 2023. They expect you to pay hundreds of dollars to match with people. Even after spending $300 and after getting professional photos, I'm still not matching as they want me to purchase super swipes and spotlights. Even after purchasing the lifetime membership, i'm still not matching and have been prompted to buy more spotlights and superswipers constantly. Without them, you dont match. This is an endless money pit.","$$$$$ Bumble is a money game now in 2023. They expect you to pay hundreds of dollars to match with people. Even after spending $300 and after getting professional photos, I'm still not matching as they want me to purchase super swipes and spotlights. Even after purchasing the lifetime membership, i'm still not matching and have been prompted to buy more spotlights and superswipers constantly. Without them, you dont match. This is an endless money pit.",,,1.0,negative,Forced subscription,Poor value for money,Dim 4 - Monetisation,Dim 4 - Monetisation,high,2023,2,2023 Q2
google_play_kaggle,2024-01-16,,hate paying for everything,hate paying for everything,,,5.0,positive,Forced subscription,,Dim 4 - Monetisation,,medium,2023,4,2023 Q4
google_play_kaggle,2024-05-09,,Worst application sirf paise kamane ki app hai ek bhi match nahi aata bina paise diye koi install mat karna kbhi paise waste karoge sab report kardo zero ratings k sath,Worst application sirf paise kamane ki app hai ek bhi match nahi aata bina paise diye koi install mat karna kbhi paise waste karoge sab report kardo zero ratings k sath,,,1.0,negative,Forced subscription,Bad quality matches,Dim 4 - Monetisation,Dim 1 - Match Quality,high,2024,1,2024 Q1
reddit,2024-01-30,2024-02-01,I think your profile really good! I personally like the photo you have now! you bio is nice and engaging! I would say the only photo I’m not fond of is the one with the mannequin but other than that a great profile overall! I’d swipe right 😄,I think your profile really good! I personally like the photo you have now! you bio is nice and engaging! I would say the only photo I’m not fond of is the one with the mannequin but other than that a great profile overall! I’d swipe right 😄,bumble,Weekly Profile Critique,,neutral,Uncategorised,,Uncategorised,,low,2023,4,2023 Q4
reddit,2025-10-28,2025-10-29,You could but then you probably shouldnt be trying to date if you are only going to be available every other Thurs day from 5-7. OR say you only want casual dating or something along them lines. Ive dated people that didnt have time and where we in a relationship mostly by name. Got to see them maybe 2-3 times a month only for 2-3hrs. In this case the guy was open about it and said hes not going to have time. I think OP should listen! In most cases theyll say something like ill make the time and as i found out firsthand ( on two occasions) this is not the case.,You could but then you probably shouldnt be trying to date if you are only going to be available every other Thurs day from 5-7. OR say you only want casual dating or something along them lines. Ive dated people that didnt have time and where we in a relationship mostly by name. Got to see them maybe 2-3 times a month only for 2-3hrs. In this case the guy was open about it and said hes not going to have time. I think OP should listen! In most cases theyll say something like ill make the time and as i found out firsthand ( on two occasions) this is not the case.,onlinedating,He Won’t Have Time For Me?,,neutral,Uncategorised,,Uncategorised,,low,2025,3,2025 Q3
reddit,2024-01-30,2024-01-30,First photo you do look bored. The 3rd is a much better photo. Can you get a photo of you smiling showing teeth? As a guy I find that so much more appealing.,First photo you do look bored. The 3rd is a much better photo. Can you get a photo of you smiling showing teeth? As a guy I find that so much more appealing.,hingeapp,Profile Review 33F,,neutral,Uncategorised,,Uncategorised,,low,2023,4,2023 Q4
google_play_kaggle,2023-10-29,,"This app thrives for money. It even gives you fake likes to spend you some money on it. Cheap developers. You wanna make a good platform, be loyal to your customers. You can make money like this for a limited time.","This app thrives for money. It even gives you fake likes to spend you some money on it. Cheap developers. You wanna make a good platform, be loyal to your customers. You can make money like this for a limited time.",,,1.0,negative,Monetisation manipulation,Fake profiles & bots,Dim 4 - Monetisation,Dim 3 - Trust & Safety,high,2023,3,2023 Q3
google_play_kaggle,2023-09-15,,"Either I'm very ugly, got no rizz, or both. These DMs are dry. 2/5 Game is unplayable.","Either I'm very ugly, got no rizz, or both. These DMs are dry. 2/5 Game is unplayable.",,,2.0,neutral,Low effort interactions,Insecurity,Dim 1 - Match Quality,Dim 2 - Emotional Experience,high,2023,2,2023 Q2
google_play_kaggle,2025-01-27,,"Bad app if you are a non-wh*te male. Algorithm is not in your favor. Across all apps with similar high quality pictures and detailed bio, Bumble constantly provided minimal matches. I tell all my friends to not use the app and use Hinge, Tinder or Feeld. You can tell the platform decay is occuring way faster on this platform compared to others.","Bad app if you are a non-wh*te male. Algorithm is not in your favor. Across all apps with similar high quality pictures and detailed bio, Bumble constantly provided minimal matches. I tell all my friends to not use the app and use Hinge, Tinder or Feeld. You can tell the platform decay is occuring way faster on this platform compared to others.",,,1.0,negative,Algorithm issues,Worse than competition,Dim 6 - Product & UX,Dim 5 - Brand & Competition,high,2023,4,2024 Q4
google_play_kaggle,2023-12-01,,"about 10 months in, and the only matches have been fake accounts or people selling their only fans' content. Honestly a waste of time.","about 10 months in, and the only matches have been fake accounts or people selling their only fans' content. Honestly a waste of time.",,,1.0,negative,Fake profiles & bots,Bad quality matches,Dim 3 - Trust & Safety,Dim 1 - Match Quality,high,2023,3,2023 Q3
google_play_scraped,2026-04-07,,"This app stole my money point blank. I resubscribed for 1 week from my play store subscriptions and they never activated the week on my bumble account. I send support all they requested, receipt, transaction, screenshot, etc and they simply never responded to my paid subscription, or money back. Simply stole my money just like that. That is just plain theft.","This app stole my money point blank. I resubscribed for 1 week from my play store subscriptions and they never activated the week on my bumble account. I send support all they requested, receipt, transaction, screenshot, etc and they simply never responded to my paid subscription, or money back. Simply stole my money just like that. That is just plain theft.",,,1.0,negative,Poor support,Forced subscription,Dim 3 - Trust & Safety,Dim 4 - Monetisation,high,2026,1,2026 Q1
reddit,2026-01-30,2026-01-30,"It’s definitely a - niche - gap in the market.




I only met one person on there who was real, because we had two dates. Otherwise it was full of dead chats, or “add my Discord.”




There are already a few dating apps for fitness, like fitafy, which I have used too. So I doubt that Boo are doing too well there in an established market.




I like that Boo kept trying to match people by personality type, but as you say, other apps are better at retaining user attention, like Instagram.","It’s definitely a - niche - gap in the market.




I only met one person on there who was real, because we had two dates. Otherwise it was full of dead chats, or “add my Discord.”




There are already a few dating apps for fitness, like fitafy, which I have used too. So I doubt that Boo are doing too well there in an established market.




I like that Boo kept trying to match people by personality type, but as you say, other apps are better at retaining user attention, like Instagram.",bumble,Is there any app/site better for meeting nerdier women?,,negative,Bad quality matches,Low effort interactions,Dim 1 - Match Quality,Dim 1 - Match Quality,high,2024,4,2025 Q4
google_play_scraped,2026-05-10,,so very nice,so very nice,,,5.0,positive,Positive emotional experience,,Dim 2 - Emotional Experience,,low,2026,1,2026 Q1
reddit,2024-10-30,2024-10-30,"The big sign for me that this relationship is seeming like something kind of special is not just that our conversations have been so easy to open up with, but that we’ve also shared extremely personal and deep stuff already. Each date has been filled with that. The drive to and from the theater last night in my vehicle was nothing but that. And it’s feeling like we’re getting outrageously comfortable with each other in that regard. 




The glaring problem is the physical aspect. I actually can’t believe how nervous I am about this. I didn’t even realize it got to this point with how long it’s been since my last relationship and I’ve only now just started dating again barely 3 and a half weeks ago.","The big sign for me that this relationship is seeming like something kind of special is not just that our conversations have been so easy to open up with, but that we’ve also shared extremely personal and deep stuff already. Each date has been filled with that. The drive to and from the theater last night in my vehicle was nothing but that. And it’s feeling like we’re getting outrageously comfortable with each other in that regard. 




The glaring problem is the physical aspect. I actually can’t believe how nervous I am about this. I didn’t even realize it got to this point with how long it’s been since my last relationship and I’ve only now just started dating again barely 3 and a half weeks ago.",onlinedating,Advice on the girl I’ve been seeing,,neutral,Uncategorised,,Uncategorised,,low,2024,3,2024 Q3
google_play_kaggle,2024-03-27,,The app is better than ever thanks for the update!!!!,The app is better than ever thanks for the update!!!!,,,5.0,positive,UX positive,,Dim 6 - Product & UX,,high,2023,4,2023 Q4
google_play_kaggle,2024-05-15,,"This app is just another scam. Even after upgrading to premium, and swiping on countless profiles, you get literally '0' matches after a week. And this was just a social experiment, I swiped more than 1000 profiles a day with the help of premium, used one spotlight, and 5 superlikes and 5 compliments, and even after you going at it for weeks, you get nothing, nada, zilch! Sad thing is, for anyone who is naive and is using premium, THIS APP IS GONNA DESTROY ONE'S SELF CONFIDENCE, Just like that","This app is just another scam. Even after upgrading to premium, and swiping on countless profiles, you get literally '0' matches after a week. And this was just a social experiment, I swiped more than 1000 profiles a day with the help of premium, used one spotlight, and 5 superlikes and 5 compliments, and even after you going at it for weeks, you get nothing, nada, zilch! Sad thing is, for anyone who is naive and is using premium, THIS APP IS GONNA DESTROY ONE'S SELF CONFIDENCE, Just like that",,,1.0,negative,No matches,Insecurity,Dim 1 - Match Quality,Dim 2 - Emotional Experience,high,2024,1,2024 Q1
google_play_kaggle,2024-01-13,,"5 stars to get to top... This was great in 2019. It was unlimited swiping, free to use etc and I met many girls a week. Then it changed to pay and I barely get one match a week and if I do, it's some fat bird with a kid.","5 stars to get to top... This was great in 2019. It was unlimited swiping, free to use etc and I met many girls a week. Then it changed to pay and I barely get one match a week and if I do, it's some fat bird with a kid.",,,5.0,positive,Bad quality matches,Poor value for money,Dim 1 - Match Quality,Dim 4 - Monetisation,high,2023,4,2023 Q4
google_play_kaggle,2024-03-16,,Better pricing and packages,Better pricing and packages,,,3.0,neutral,Pricing issues,,Dim 4 - Monetisation,,medium,2023,4,2023 Q4
google_play_kaggle,2025-03-19,,More transparency and data would be nice. Show me how many women have seen my profile. I found it hard to believe that after paying for premium+ and many spotlights that I've only gotten as many matches you can count on one hand.,More transparency and data would be nice. Show me how many women have seen my profile. I found it hard to believe that after paying for premium+ and many spotlights that I've only gotten as many matches you can count on one hand.,,,2.0,neutral,Poor value for money,Algorithm issues,Dim 4 - Monetisation,Dim 6 - Product & UX,high,2023,4,2024 Q4